{
  "app_IS_MASCULIN": 317374.93921661377,
  "app_DAYS_BIRTH": 2495.9932975769043,
  "app_DAYS_EMPLOYED": 2697.7921237945557,
  "app_DAYS_ID_PUBLISH": 2965.157693862915,
  "app_REGION_RATING_CLIENT": 102812.08370780945,
  "app_REG_CITY_NOT_WORK_CITY": 140812.80061149597,
  "app_EXT_SOURCE_1": 3460.268048286438,
  "app_EXT_SOURCE_2": 9773.185508728027,
  "app_EXT_SOURCE_3": 4699.760284423828,
  "app_DAYS_LAST_PHONE_CHANGE": 4125.628119468689,
  "app_NAME_INCOME_TYPE_Working": 380131.5499572754,
  "app_NAME_EDUCATION_TYPE_Higher_education": 157767.8906841278,
  "pol_EXT_SOURCE_1_EXT_SOURCE_2": 11629.63543510437,
  "pol_EXT_SOURCE_1_EXT_SOURCE_3": 5703.776176452637,
  "pol_EXT_SOURCE_2_EXT_SOURCE_3": 23431.142406463623,
  "pol_EXT_SOURCE_2_DAYS_BIRTH": 43.49270057678223,
  "pol_EXT_SOURCE_3_DAYS_BIRTH": 688.5440082550049,
  "pol_EXT_SOURCE_1_EXT_SOURCE_2_EXT_SOURCE_3": 147942.00156784058,
  "pol_EXT_SOURCE_1_EXT_SOURCE_2_DAYS_BIRTH": 37.79469966888428,
  "pol_EXT_SOURCE_1_EXT_SOURCE_3_DAYS_BIRTH": 311.47309494018555,
  "pol_EXT_SOURCE_2_EXT_SOURCE_3_DAYS_BIRTH": 11226.488637924194,
  "agg_client_bureau_CREDIT_TYPE_Microloan_sum_nunique": 1534.1921977996826,
  "agg_client_bureau_CREDIT_TYPE_Microloan_sum_var": 0.0,
  "agg_client_bureau_CREDIT_ACTIVE_Active_sum_mean": 9656.623596191406,
  "agg_client_bureau_CREDIT_ACTIVE_Active_sum_sum": 100644.97933959961,
  "agg_client_bureau_DAYS_CREDIT_mean_mean": 56.88019943237305,
  "agg_client_bureau_DAYS_CREDIT_mean_min": 1256.814609527588,
  "agg_client_bureau_DAYS_CREDIT_ENDDATE_count_nunique": 66244.62113571167,
  "agg_client_bureau_DAYS_CREDIT_ENDDATE_count_mean": 20406.800352096558,
  "agg_client_bureau_DAYS_CREDIT_ENDDATE_count_var": 0.0,
  "agg_client_bureau_DAYS_ENDDATE_FACT_mean_mean": 215.67710208892822,
  "agg_client_bureau_DAYS_ENDDATE_FACT_mean_min": 115.16060066223145,
  "agg_client_bureau_DAYS_ENDDATE_FACT_sum_mean": 107.60039710998535,
  "agg_client_bureau_DAYS_ENDDATE_FACT_sum_var": 556.1826992034912,
  "agg_client_bureau_AMT_CREDIT_SUM_DEBT_mean_nunique": 90671.23963165283,
  "agg_client_bureau_DAYS_CREDIT_UPDATE_mean_mean": 16.178499221801758,
  "agg_client_bureau_DAYS_CREDIT_UPDATE_mean_min": 314.5006046295166,
  "agg_client_bureau_balance_bureau_balance_MONTHS_BALANCE_count_mean_mean": 454.40669441223145,
  "agg_client_bureau_balance_bureau_balance_MONTHS_BALANCE_count_mean_max": 375.1400966644287,
  "agg_client_bureau_balance_bureau_balance_MONTHS_BALANCE_mean_mean_min": 338.96870136260986,
  "agg_client_bureau_balance_bureau_balance_MONTHS_BALANCE_sum_mean_sum": 755.8618011474609,
  "agg_client_bureau_balance_bureau_balance_STATUS_1_mean_mean_mean": 1235.4052066802979,
  "agg_client_bureau_balance_bureau_balance_STATUS_1_mean_mean_max": 955.003589630127,
  "agg_client_bureau_balance_bureau_balance_STATUS_1_mean_mean_sum": 0.0,
  "agg_client_bureau_balance_bureau_balance_STATUS_C_mean_mean_mean": 1170.4477977752686,
  "agg_client_bureau_balance_bureau_balance_STATUS_C_sum_mean_mean": 180.26860427856445,
  "agg_client_bureau_balance_bureau_balance_STATUS_C_sum_mean_max": 698.7555084228516,
  "agg_client_cash_MONTHS_BALANCE_mean_min": 2789.8642044067383,
  "agg_client_credit_NAME_CONTRACT_STATUS_Approved_mean_count": 0.0,
  "agg_client_credit_MONTHS_BALANCE_max_sum": 17.480899810791016,
  "agg_client_credit_AMT_BALANCE_mean_mean": 149.4488983154297,
  "agg_client_credit_AMT_BALANCE_max_mean": 24.85759925842285,
  "agg_client_credit_AMT_BALANCE_min_mean": 1693.9508895874023,
  "agg_client_credit_AMT_CREDIT_LIMIT_ACTUAL_max_sum": 224.58779907226562,
  "agg_client_credit_AMT_CREDIT_LIMIT_ACTUAL_sum_sum": 174.26069831848145,
  "agg_client_credit_AMT_DRAWINGS_ATM_CURRENT_mean_nunique": 1804.717908859253,
  "agg_client_credit_AMT_DRAWINGS_CURRENT_mean_mean": 34.804298400878906,
  "agg_client_credit_AMT_DRAWINGS_CURRENT_max_mean": 0.0,
  "agg_client_credit_AMT_INST_MIN_REGULARITY_nunique_mean": 0.0,
  "agg_client_credit_CNT_DRAWINGS_ATM_CURRENT_nunique_mean": 1228.9043827056885,
  "agg_client_credit_CNT_DRAWINGS_ATM_CURRENT_mean_sum": 2304.580087661743,
  "agg_client_credit_CNT_DRAWINGS_CURRENT_nunique_mean": 0.0,
  "agg_client_credit_CNT_DRAWINGS_CURRENT_mean_mean": 47.51840019226074,
  "agg_client_credit_CNT_DRAWINGS_CURRENT_mean_sum": 43.68149948120117,
  "agg_client_credit_CNT_DRAWINGS_CURRENT_max_mean": 97.6627025604248,
  "agg_client_credit_CNT_DRAWINGS_CURRENT_var_mean": 3154.8851051330566,
  "agg_client_credit_CNT_DRAWINGS_OTHER_CURRENT_nunique_mean": 471.241792678833,
  "agg_client_credit_CNT_DRAWINGS_POS_CURRENT_nunique_mean": 243.21819877624512,
  "agg_client_installments_AMT_PAYMENT_min_sum": 6029.903274536133
}