{
  "app_IS_MASCULIN": 168285.13878440857,
  "app_DAYS_BIRTH": 2180.6023530960083,
  "app_DAYS_EMPLOYED": 1940.0160241127014,
  "app_DAYS_ID_PUBLISH": 2084.893377304077,
  "app_REGION_RATING_CLIENT": 55054.753972530365,
  "app_REG_CITY_NOT_WORK_CITY": 72463.22808504105,
  "app_EXT_SOURCE_1": 3434.2748098373413,
  "app_EXT_SOURCE_2": 5074.909664154053,
  "app_EXT_SOURCE_3": 3265.7488198280334,
  "app_DAYS_LAST_PHONE_CHANGE": 2555.2842659950256,
  "app_NAME_INCOME_TYPE_Working": 190126.39149856567,
  "app_NAME_EDUCATION_TYPE_Higher_education": 81117.08508872986,
  "pol_EXT_SOURCE_1_EXT_SOURCE_2": 6508.008091449738,
  "pol_EXT_SOURCE_1_EXT_SOURCE_3": 2925.7338728904724,
  "pol_EXT_SOURCE_2_EXT_SOURCE_3": 11425.653328418732,
  "pol_EXT_SOURCE_2_DAYS_BIRTH": 389.41468811035156,
  "pol_EXT_SOURCE_3_DAYS_BIRTH": 611.6124777793884,
  "pol_EXT_SOURCE_1_EXT_SOURCE_2_EXT_SOURCE_3": 80356.34778356552,
  "pol_EXT_SOURCE_1_EXT_SOURCE_2_DAYS_BIRTH": 191.06110000610352,
  "pol_EXT_SOURCE_1_EXT_SOURCE_3_DAYS_BIRTH": 1053.7199625968933,
  "pol_EXT_SOURCE_2_EXT_SOURCE_3_DAYS_BIRTH": 5177.315442562103,
  "agg_client_bureau_CREDIT_TYPE_Microloan_sum_nunique": 1212.348406791687,
  "agg_client_bureau_CREDIT_TYPE_Microloan_sum_var": 138.3664321899414,
  "agg_client_bureau_CREDIT_ACTIVE_Active_sum_mean": 6345.599362373352,
  "agg_client_bureau_CREDIT_ACTIVE_Active_sum_sum": 53015.86667442322,
  "agg_client_bureau_DAYS_CREDIT_mean_mean": 289.88950967788696,
  "agg_client_bureau_DAYS_CREDIT_mean_min": 950.2767014503479,
  "agg_client_bureau_DAYS_CREDIT_ENDDATE_count_nunique": 36676.79312992096,
  "agg_client_bureau_DAYS_CREDIT_ENDDATE_count_mean": 12242.160397052765,
  "agg_client_bureau_DAYS_CREDIT_ENDDATE_count_var": 64.91318893432617,
  "agg_client_bureau_DAYS_ENDDATE_FACT_mean_mean": 567.4652419090271,
  "agg_client_bureau_DAYS_ENDDATE_FACT_mean_min": 422.85695028305054,
  "agg_client_bureau_DAYS_ENDDATE_FACT_sum_mean": 356.12495374679565,
  "agg_client_bureau_DAYS_ENDDATE_FACT_sum_var": 591.9218893051147,
  "agg_client_bureau_AMT_CREDIT_SUM_DEBT_mean_nunique": 52547.59907579422,
  "agg_client_bureau_DAYS_CREDIT_UPDATE_mean_mean": 160.32015991210938,
  "agg_client_bureau_DAYS_CREDIT_UPDATE_mean_min": 507.5981912612915,
  "agg_client_bureau_balance_bureau_balance_MONTHS_BALANCE_count_mean_mean": 429.55042552948,
  "agg_client_bureau_balance_bureau_balance_MONTHS_BALANCE_count_mean_max": 340.3030605316162,
  "agg_client_bureau_balance_bureau_balance_MONTHS_BALANCE_mean_mean_min": 370.4241189956665,
  "agg_client_bureau_balance_bureau_balance_MONTHS_BALANCE_sum_mean_sum": 711.4622716903687,
  "agg_client_bureau_balance_bureau_balance_STATUS_1_mean_mean_mean": 682.7458653450012,
  "agg_client_bureau_balance_bureau_balance_STATUS_1_mean_mean_max": 670.4586806297302,
  "agg_client_bureau_balance_bureau_balance_STATUS_1_mean_mean_sum": 25.207600593566895,
  "agg_client_bureau_balance_bureau_balance_STATUS_C_mean_mean_mean": 882.0614261627197,
  "agg_client_bureau_balance_bureau_balance_STATUS_C_sum_mean_mean": 395.92626094818115,
  "agg_client_bureau_balance_bureau_balance_STATUS_C_sum_mean_max": 402.71028232574463,
  "agg_client_cash_MONTHS_BALANCE_mean_min": 2309.800012588501,
  "agg_client_credit_NAME_CONTRACT_STATUS_Approved_mean_count": 190.32237815856934,
  "agg_client_credit_MONTHS_BALANCE_max_sum": 139.9813585281372,
  "agg_client_credit_AMT_BALANCE_mean_mean": 203.7565212249756,
  "agg_client_credit_AMT_BALANCE_max_mean": 107.82840061187744,
  "agg_client_credit_AMT_BALANCE_min_mean": 967.0933394432068,
  "agg_client_credit_AMT_CREDIT_LIMIT_ACTUAL_max_sum": 236.37591075897217,
  "agg_client_credit_AMT_CREDIT_LIMIT_ACTUAL_sum_sum": 239.87325048446655,
  "agg_client_credit_AMT_DRAWINGS_ATM_CURRENT_mean_nunique": 1388.6970262527466,
  "agg_client_credit_AMT_DRAWINGS_CURRENT_mean_mean": 53.253769874572754,
  "agg_client_credit_AMT_DRAWINGS_CURRENT_max_mean": 61.912479877471924,
  "agg_client_credit_AMT_INST_MIN_REGULARITY_nunique_mean": 173.6041226387024,
  "agg_client_credit_CNT_DRAWINGS_ATM_CURRENT_nunique_mean": 966.9970111846924,
  "agg_client_credit_CNT_DRAWINGS_ATM_CURRENT_mean_sum": 1582.1274027824402,
  "agg_client_credit_CNT_DRAWINGS_CURRENT_nunique_mean": 155.43830108642578,
  "agg_client_credit_CNT_DRAWINGS_CURRENT_mean_mean": 154.83714151382446,
  "agg_client_credit_CNT_DRAWINGS_CURRENT_mean_sum": 146.5923089981079,
  "agg_client_credit_CNT_DRAWINGS_CURRENT_max_mean": 244.71188879013062,
  "agg_client_credit_CNT_DRAWINGS_CURRENT_var_mean": 1824.3578691482544,
  "agg_client_credit_CNT_DRAWINGS_OTHER_CURRENT_nunique_mean": 165.1864094734192,
  "agg_client_credit_CNT_DRAWINGS_POS_CURRENT_nunique_mean": 291.5137996673584,
  "agg_client_installments_AMT_PAYMENT_min_sum": 3929.4115796089172
}